Name,AUC,Precision,Recall,F-score,Range-recall,ExistenceReward,OverlapReward,Range-precision,Range-Fscore,Precision@k,RangeAUC,Number of anomalies
ECG1,0.8245306252396014,0.4136460554371002,0.026874458874458874,0.05046990341777503,0.043737243117285274,0.19130434782608696,0.006845466940084844,0.39593646874293736,0.07877282232381727,0.026874458874458874,0.9156409922468617,28875.0
IOPS1,0.5493277672048622,0.0,0.0,0.0,0.0,0.0,0.0,0.0,0.0,0.0,0.8310572329708956,13.0
Genesis1,0.9144638218923935,0.0,0.0,0.0,0.0,0.0,0.0,0.0,0.0,0.0,0.9729196332426343,50.0
Occupancy1,0.9659460766798169,0.0,0.0,0.0,0.0,0.0,0.0,0.0,0.0,0.0,0.9995542225587789,972.0
ECG1+IOPS1,0.8313432938108798,0.4007530930607854,0.02578925505400166,0.04846001235892933,0.042463851802707474,0.18624641833810887,0.006518210168857121,0.3718046310933614,0.07622234085458904,0.02578925505400166,0.879136128323992,28888.0
Genesis1+Occupancy1,0.08489834512362136,0.0,0.0,0.0,0.0,0.0,0.0,0.0,0.0,0.0,0.20663888677507958,1022.0
ECG1+IOPS1+Occupancy1,0.826426978438015,0.3561744228655185,0.03255190890823845,0.05965202982601492,0.038567493112947666,0.03856749311294766,0.03856749311294766,0.02544103020467989,0.030658315685125937,0.03255190890823845,0.8967706421852876,29860.0
Genesis1+ECG1+Occupancy1,0.8200671430787048,0.36988304093567254,0.033906255235032,0.06211828253997484,0.039106145251396655,0.03910614525139665,0.03910614525139665,0.026420217209690892,0.031535181046839805,0.033906255235032,0.9254216848496839,29847.0
ECG1+IOPS1+Genesis1+Occupancy1,0.728093955089025,0.003273965426925092,0.001671681711802073,0.0022132707715461913,0.00819672131147541,0.00819672131147541,0.00819672131147541,0.00016265558006232962,0.0003189813013161169,0.001671681711802073,0.842348808076316,29910.0
