Name,AUC,Precision,Recall,F-score,Range-recall,ExistenceReward,OverlapReward,Range-precision,Range-Fscore,Precision@k,RangeAUC,Number of anomalies
ECG1,0.5868875464860894,0.18609742747673783,0.03532467532467533,0.059378274537198746,0.04012921098992724,0.06086956521739131,0.03494412243306123,0.1600349783309378,0.06416809553197339,0.03532467532467533,0.7729379980634847,28875.0
IOPS1,0.6412302781017865,0.0,0.0,0.0,0.0,0.0,0.0,0.0,0.0,0.0,0.8090476892153471,13.0
Genesis1,0.06181323438466295,0.0,0.0,0.0,0.0,0.0,0.0,0.0,0.0,0.0,0.3256285256522012,50.0
Occupancy1,0.3388817790028658,0.9787234042553191,0.047325102880658436,0.09028459273797843,0.023879040667361833,0.07142857142857142,0.011991657977059436,0.5,0.0455812101910828,0.047325102880658436,0.46067838692556357,972.0
ECG1+IOPS1,0.6036615512726546,0.1929342492639843,0.03402797009138743,0.0578524556395845,0.04051477259198139,0.06017191977077364,0.03560048579728333,0.2151080173596616,0.06818681861415665,0.03402797009138743,0.7579109231573284,28888.0
Genesis1+Occupancy1,0.0938802483744236,0.0,0.0,0.0,0.0,0.0,0.0,0.0,0.0,0.0,0.1648827022853042,1022.0
ECG1+IOPS1+Occupancy1,0.5961240916511171,0.19890795631825273,0.03415941058271936,0.05830570481307878,0.04011125042489101,0.06060606060606061,0.03498754787959861,0.2205765324085094,0.06787890428256936,0.03415941058271936,0.7571280929725653,29860.0
Genesis1+ECG1+Occupancy1,0.5799862167382503,0.19797504971976135,0.036687104231581065,0.061902877494488105,0.03910418802402724,0.061452513966480445,0.03351710653841392,0.1927259746975856,0.06501649883012145,0.036687104231581065,0.7710615206357863,29847.0
ECG1+IOPS1+Genesis1+Occupancy1,0.5546406387767258,0.016962735408040604,0.004246071547977265,0.006791988662192154,0.0032826117416281356,0.00819672131147541,0.002054084349166317,0.020955621353003308,0.0056760877278400415,0.004246071547977265,0.7024113517572086,29910.0
